{
  "source": "/home/sanju/MANTIS_PAINTER/models/mantis/meshes/MANTIS.stl",
  "model_center": [
    0.9001338481903076,
    -2.3676517009735107,
    1.0856223106384277
  ],
  "pan_pivot": [
    0.9001338481903076,
    -2.3676517009735107,
    1.22
  ],
  "tilt_pivot": [
    -1.15,
    -2.3676517009735107,
    1.45
  ],
  "parts": {
    "base": {
      "file": "/assets/mantis/base.stl",
      "faces": 811,
      "bounds": [
        [
          -3.7242980003356934,
          -7.030197620391846,
          0.13133764266967773
        ],
        [
          5.524565696716309,
          2.294894218444824,
          1.468982219696045
        ]
      ]
    },
    "pan_body": {
      "file": "/assets/mantis/pan_body.stl",
      "faces": 578,
      "bounds": [
        [
          -2.764955520629883,
          -7.01652717590332,
          0.820551872253418
        ],
        [
          5.524565696716309,
          2.294894218444824,
          2.0399069786071777
        ]
      ]
    },
    "tilt_nose": {
      "file": "/assets/mantis/tilt_nose.stl",
      "faces": 137,
      "bounds": [
        [
          -3.7242980003356934,
          -7.0301971435546875,
          0.820551872253418
        ],
        [
          -1.455376148223877,
          2.2815513610839844,
          1.780146598815918
        ]
      ]
    }
  }
}